"Message",Low,"Starting .NET Native compilation"
"Message",Low,""
"Message",Low,""
"Message",Low,"Task ""Gatekeeper"""
"Message",Normal,"Launching 'C:\Users\VRLab1001\.nuget\packages\microsoft.net.native.compiler\1.7.3\tools\ARM\ilc\Tools\Gatekeeper.exe @""C:\Users\VRLab1001\Documents\xdash_arcade\BackgroundApplication1\obj\ARM\Release\ilc\intermediate\gkargs.rsp""'"
"Message",Low,"Microsoft (R) .NET Native Gatekeeper Version 1.7.25927.00 "
"Message",Low,"Copyright (C) Microsoft Corporation.  All rights reserved. "
"Message",Low," "
"Message",Low,"Checking assembly 'C:\Users\VRLab1001\Documents\xdash_arcade\BackgroundApplication1\obj\ARM\Release\ilc\in\BackgroundApplication1.winmd'. "
"Message",Normal,"'C:\Users\VRLab1001\.nuget\packages\microsoft.net.native.compiler\1.7.3\tools\ARM\ilc\Tools\Gatekeeper.exe @""C:\Users\VRLab1001\Documents\xdash_arcade\BackgroundApplication1\obj\ARM\Release\ilc\intermediate\gkargs.rsp""' completed."
"Message",Normal,"Process execution statistics (all times in milliseconds)"
"Message",Normal,"-----------------------------------------------------------------------------"
"Message",Normal,"launch  |  start   |   stop   |   end    | duration | lifetime | [slot] name"
"Message",Normal,"-----------------------------------------------------------------------------"
"Message",Normal,"       0 |       16 |      532 |      532 |      516 |      532 | [0] Gatekeeper"
"Message",Normal,"Number of commands:      1"
"Message",Normal,"Total system time:       532 ms"
"Message",Normal,"System time per command: 532 ms"
"Message",Normal,"Total duration:          516 ms"
"Message",Normal,"Total lifetime:          532 ms"
"Message",Normal,"Requested DOP:           12"
"Message",Normal,"Duration DOP:            1.0"
"Message",Normal,"Lifetime DOP:            1.0"
"Message",Low,"Done executing task ""Gatekeeper""."
"Message",Low,"Done building target ""RunGatekeeper"" in file ""Preparation""."
"Message",Low,""
"Message",Low,"Task ""csc"""
"Message",Normal,"Launching 'C:\Users\VRLab1001\.nuget\packages\microsoft.net.native.compiler\1.7.3\tools\ARM\ilc\csc\csc.exe /debug+ /noconfig /nostdlib+ /out:""C:\Users\VRLab1001\Documents\xdash_arcade\BackgroundApplication1\obj\ARM\Release\ilc\intermediate\xDashControlDEBUG-uwp.exe"" /pdb:""C:\Users\VRLab1001\Documents\xdash_arcade\BackgroundApplication1\obj\ARM\Release\ilc\intermediate\xDashControlDEBUG-uwp.pdb"" /reference:""C:\Users\VRLab1001\.nuget\packages\microsoft.net.native.compiler\1.7.3\tools\ARM\ilc\lib\Private\System.Private.CoreLib.dll"" /target:winexe ""C:\Users\VRLab1001\Documents\xdash_arcade\BackgroundApplication1\obj\ARM\Release\ilc\intermediate\fake.cs""'"
"Message",Low,"Microsoft (R) Visual C# Compiler version 1.3.0.60613"
"Message",Low,"Copyright (C) Microsoft Corporation. All rights reserved."
"Message",Normal,"'C:\Users\VRLab1001\.nuget\packages\microsoft.net.native.compiler\1.7.3\tools\ARM\ilc\csc\csc.exe /debug+ /noconfig /nostdlib+ /out:""C:\Users\VRLab1001\Documents\xdash_arcade\BackgroundApplication1\obj\ARM\Release\ilc\intermediate\xDashControlDEBUG-uwp.exe"" /pdb:""C:\Users\VRLab1001\Documents\xdash_arcade\BackgroundApplication1\obj\ARM\Release\ilc\intermediate\xDashControlDEBUG-uwp.pdb"" /reference:""C:\Users\VRLab1001\.nuget\packages\microsoft.net.native.compiler\1.7.3\tools\ARM\ilc\lib\Private\System.Private.CoreLib.dll"" /target:winexe ""C:\Users\VRLab1001\Documents\xdash_arcade\BackgroundApplication1\obj\ARM\Release\ilc\intermediate\fake.cs""' completed."
"Message",Normal,"Process execution statistics (all times in milliseconds)"
"Message",Normal,"-----------------------------------------------------------------------------"
"Message",Normal,"launch  |  start   |   stop   |   end    | duration | lifetime | [slot] name"
"Message",Normal,"-----------------------------------------------------------------------------"
"Message",Normal,"       0 |       31 |     1921 |     1921 |     1890 |     1921 | [0] csc"
"Message",Normal,"Number of commands:      1"
"Message",Normal,"Total system time:       1921 ms"
"Message",Normal,"System time per command: 1921 ms"
"Message",Normal,"Total duration:          1890 ms"
"Message",Normal,"Total lifetime:          1921 ms"
"Message",Normal,"Requested DOP:           12"
"Message",Normal,"Duration DOP:            1.0"
"Message",Normal,"Lifetime DOP:            1.0"
"Message",Low,"Done executing task ""csc""."
"Message",Low,"Done building target ""GenerateFakeExe"" in file ""Preparation""."
"Message",Low,""
"Message",Low,"Task ""InjectWindowsRuntimeTypeForwards"""
"Message",Normal,"Running 'InjectWindowsRuntimeTypeForwards' transform, heap at 14 MB."
"Message",Normal,"Running 'WriteAssemblies' transform, heap at 18 MB."
"Message",Normal,""
"Message",Normal,"Transform summary"
"Message",Normal,"    ms | heap delta | name"
"Message",Normal,"   494 |          4 | InjectWindowsRuntimeTypeForwards"
"Message",Normal,"   209 |          2 | WriteAssemblies"
"Message",Low,"Done executing task ""InjectWindowsRuntimeTypeForwards""."
"Message",Low,"Done building target ""InjectWindowRuntimeTypeForwards"" in file ""Preparation""."
"Message",Low,""
"Message",Low,"Task ""PreResolveAssemblyClosure"""
"Message",Low,"Done executing task ""PreResolveAssemblyClosure""."
"Message",Low,"Done building target ""PreResolveTransforms"" in file ""Preparation""."
"Message",Low,""
"Message",Low,"Task ""InitialAssemblyClosure"""
"Message",Low,"Done executing task ""InitialAssemblyClosure""."
"Message",Low,"Task ""ResolveInitialReferencesAssemblyClosure1"""
"Message",Low,"Done executing task ""ResolveInitialReferencesAssemblyClosure1""."
"Message",Low,"Task ""ResolveInitialReferencesAssemblyClosure2"""
"Message",Low,"Done executing task ""ResolveInitialReferencesAssemblyClosure2""."
"Message",Low,"Done building target ""ResolveInitialReferences"" in file ""Preparation""."
"Message",Low,"Done building project ""Preparation""."
"Message",Low,""
"Message",Low,""
"Message",High,"Processing application code"
"Message",Low,"Task ""ValidateSimpleNames"""
"Message",Low,"Done executing task ""ValidateSimpleNames""."
"Message",Low,"Task ""McgContractsResolveFilePath"""
"Message",Low,"Done executing task ""McgContractsResolveFilePath""."
"Message",Low,"Task ""McgFacadeResolveFilePath"""
"Message",Low,"Done executing task ""McgFacadeResolveFilePath""."
"Message",Low,"Task ""FinalAssemblyClosureRootsResolveFilePaths"""
"Message",Low,"Done executing task ""FinalAssemblyClosureRootsResolveFilePaths""."
"Message",Low,"Task ""FinalAssemblyClosure"""
"Message",Low,"Done executing task ""FinalAssemblyClosure""."
"Message",Low,"Task ""RunILTransforms"""
"Message",Normal,"Running 'Analysis' transform, heap at 27 MB."
"Message",Low,"Loading 70 modules..."
"Message",Normal,"Imported reflection directives from 9 files:"
"Message",Normal,"C:\Users\VRLab1001\Documents\xdash_arcade\BackgroundApplication1\obj\ARM\Release\ilc\in\My Project\Default.rd.xml"
"Message",Normal,"Embedded manifest in System.Diagnostics.Tracing: Resources.System.Diagnostics.Tracing.rd.xml"
"Message",Normal,"Embedded manifest in System.Private.Reflection: System.Private.Reflection.rd.xml"
"Message",Normal,"Embedded manifest in System.Private.CoreLib: Resources.System.Private.CoreLib.rd.xml"
"Message",Normal,"Embedded manifest in System.Private.Uri: Resources.System.Private.Uri.rd.xml"
"Message",Normal,"Embedded manifest in System.Private.Reflection.Core: System.Private.Reflection.Core.rd.xml"
"Message",Normal,"Embedded manifest in System.Dynamic.Runtime: Resources.System.Dynamic.Runtime.rd.xml"
"Message",Normal,"Embedded manifest in System.Linq.Expressions: Resources.System.Linq.Expressions.rd.xml"
"Message",Normal,"Embedded manifest in System.Private.Interop: Resources.System.Private.Interop.rd.xml"
"Message",Normal,"Imported XAML Roots from 1 files:"
"Message",Normal,"C:\Users\VRLab1001\Documents\xdash_arcade\BackgroundApplication1\obj\ARM\Release\ilc\in\BackgroundApplication1.xr.xml"
"Message",Normal,"Running 'Mcg' transform, heap at 117 MB."
"Message",High,"Computing application closure and generating interop code"
"Message",Normal,"  List of .lib files:"
"Message",Normal,"      WindowsApp.lib"
"Message",Normal,"      winsqlite3.lib"
"Message",Normal,"  List of .lib search paths:"
"Message",Normal,"      C:\Program Files (x86)\Windows Kits\10\lib\10.0.17134.0\um\arm"
"Message",Normal,"  Loading exports from libs..."
"Message",Normal,"      3172 exports read from 'C:\Program Files (x86)\Windows Kits\10\lib\10.0.17134.0\um\arm\WindowsApp.lib'."
"Message",Normal,"      243 exports read from 'C:\Program Files (x86)\Windows Kits\10\lib\10.0.17134.0\um\arm\winsqlite3.lib'."
"Message",High,"  Loading 70 modules..."
"Warning",,0,0,"      MCG : warning MCG0001: [MarshalAs(UnmanagedType=VBByRefStr, ElementType=(Default))] with type 'System.String' is invalid.This signature is located on 'System.Int32 BackgroundApplication1.Storage.GetDiskFreeSpaceEx(System.String, System.Int64, System.Int64, System.Int64)'."
"Message",Normal,"          P/Invoke 'GetDiskFreeSpaceExA' resolved to 'api-ms-win-core-file-l1-1-0.dll!GetDiskFreeSpaceExA' from 'C:\Program Files (x86)\Windows Kits\10\lib\10.0.17134.0\um\arm\WindowsApp.lib'."
"Message",Normal,"          P/Invoke 'RhWaitForPendingFinalizers' with [DllImport(ExactSpelling=true)] resolved to '[MRT]!RhWaitForPendingFinalizers'."
"Message",Normal,"          P/Invoke 'RhYield' with [DllImport(ExactSpelling=true)] resolved to '[MRT]!RhYield'."
"Message",Normal,"          P/Invoke 'RhCompatibleReentrantWaitAny' with [DllImport(ExactSpelling=true)] resolved to '[MRT]!RhCompatibleReentrantWaitAny'."
"Message",Normal,"          P/Invoke '_ecvt_s' with [DllImport(ExactSpelling=true)] resolved to '[MRT]!_ecvt_s'."
"Message",Normal,"          P/Invoke 'memmove' with [DllImport(ExactSpelling=true)] resolved to '[MRT]!memmove'."
"Message",Normal,"          P/Invoke 'CallingConventionConverter_GetStubs' with [DllImport(ExactSpelling=true)] resolved to '*!CallingConventionConverter_GetStubs'."
"Message",Normal,"          P/Invoke 'CallingConventionConverter_SpecifyCommonStubData' with [DllImport(ExactSpelling=true)] resolved to '*!CallingConventionConverter_SpecifyCommonStubData'."
"Message",Normal,"          P/Invoke 'GetLastError' resolved to 'api-ms-win-core-errorhandling-l1-1-0.dll!GetLastError' from 'C:\Program Files (x86)\Windows Kits\10\lib\10.0.17134.0\um\arm\WindowsApp.lib'."
"Message",Normal,"          P/Invoke 'RoInitialize' resolved to 'api-ms-win-core-winrt-l1-1-0.dll!RoInitialize' from 'C:\Program Files (x86)\Windows Kits\10\lib\10.0.17134.0\um\arm\WindowsApp.lib'."
"Message",Normal,"          P/Invoke 'IsValidLocaleName' resolved to 'api-ms-win-core-localization-l1-2-0.dll!IsValidLocaleName' from 'C:\Program Files (x86)\Windows Kits\10\lib\10.0.17134.0\um\arm\WindowsApp.lib'."
"Message",Normal,"          P/Invoke 'ResolveLocaleName' resolved to 'api-ms-win-core-localization-l1-2-0.dll!ResolveLocaleName' from 'C:\Program Files (x86)\Windows Kits\10\lib\10.0.17134.0\um\arm\WindowsApp.lib'."
"Message",Normal,"          P/Invoke '#57' resolved to 'ws2_32.dll!#57' from 'C:\Program Files (x86)\Windows Kits\10\lib\10.0.17134.0\um\arm\WindowsApp.lib'."
"Message",Normal,"          P/Invoke '#13' resolved to 'ws2_32.dll!#13' from 'C:\Program Files (x86)\Windows Kits\10\lib\10.0.17134.0\um\arm\WindowsApp.lib'."
"Message",Normal,"          P/Invoke '#17' resolved to 'ws2_32.dll!#17' from 'C:\Program Files (x86)\Windows Kits\10\lib\10.0.17134.0\um\arm\WindowsApp.lib'."
"Message",Normal,"          P/Invoke 'RtlIpv6StringToAddressExW' resolved to 'ntdll.dll!RtlIpv6StringToAddressExW' from 'C:\Program Files (x86)\Windows Kits\10\lib\10.0.17134.0\um\arm\WindowsApp.lib'."
"Message",Normal,"          P/Invoke 'RtlIpv4StringToAddressExW' resolved to 'ntdll.dll!RtlIpv4StringToAddressExW' from 'C:\Program Files (x86)\Windows Kits\10\lib\10.0.17134.0\um\arm\WindowsApp.lib'."
"Message",Normal,"          P/Invoke '#115' resolved to 'ws2_32.dll!#115' from 'C:\Program Files (x86)\Windows Kits\10\lib\10.0.17134.0\um\arm\WindowsApp.lib'."
"Message",Normal,"          P/Invoke '#2' resolved to 'ws2_32.dll!#2' from 'C:\Program Files (x86)\Windows Kits\10\lib\10.0.17134.0\um\arm\WindowsApp.lib'."
"Message",Normal,"          P/Invoke '#6' resolved to 'ws2_32.dll!#6' from 'C:\Program Files (x86)\Windows Kits\10\lib\10.0.17134.0\um\arm\WindowsApp.lib'."
"Message",Normal,"          P/Invoke 'GetCPInfoExW' resolved to 'api-ms-win-core-localization-l1-2-0.dll!GetCPInfoExW' from 'C:\Program Files (x86)\Windows Kits\10\lib\10.0.17134.0\um\arm\WindowsApp.lib'."
"Message",Normal,"          P/Invoke 'RtlIpv6AddressToStringExW' resolved to 'ntdll.dll!RtlIpv6AddressToStringExW' from 'C:\Program Files (x86)\Windows Kits\10\lib\10.0.17134.0\um\arm\WindowsApp.lib'."
"Message",Normal,"          P/Invoke 'RtlIpv4AddressToStringExW' resolved to 'ntdll.dll!RtlIpv4AddressToStringExW' from 'C:\Program Files (x86)\Windows Kits\10\lib\10.0.17134.0\um\arm\WindowsApp.lib'."
"Message",Normal,"          P/Invoke '#10' resolved to 'ws2_32.dll!#10' from 'C:\Program Files (x86)\Windows Kits\10\lib\10.0.17134.0\um\arm\WindowsApp.lib'."
"Message",Normal,"          P/Invoke '#22' resolved to 'ws2_32.dll!#22' from 'C:\Program Files (x86)\Windows Kits\10\lib\10.0.17134.0\um\arm\WindowsApp.lib'."
"Message",Normal,"          P/Invoke '#21' resolved to 'ws2_32.dll!#21' from 'C:\Program Files (x86)\Windows Kits\10\lib\10.0.17134.0\um\arm\WindowsApp.lib'."
"Message",Normal,"          P/Invoke '#16' resolved to 'ws2_32.dll!#16' from 'C:\Program Files (x86)\Windows Kits\10\lib\10.0.17134.0\um\arm\WindowsApp.lib'."
"Message",Normal,"          P/Invoke 'WSASocketW' resolved to 'ws2_32.dll!WSASocketW' from 'C:\Program Files (x86)\Windows Kits\10\lib\10.0.17134.0\um\arm\WindowsApp.lib'."
"Message",Normal,"          P/Invoke '#18' resolved to 'ws2_32.dll!#18' from 'C:\Program Files (x86)\Windows Kits\10\lib\10.0.17134.0\um\arm\WindowsApp.lib'."
"Message",Normal,"          P/Invoke '#18' resolved to 'ws2_32.dll!#18' from 'C:\Program Files (x86)\Windows Kits\10\lib\10.0.17134.0\um\arm\WindowsApp.lib'."
"Message",Normal,"          P/Invoke '#7' resolved to 'ws2_32.dll!#7' from 'C:\Program Files (x86)\Windows Kits\10\lib\10.0.17134.0\um\arm\WindowsApp.lib'."
"Message",Normal,"          P/Invoke '#5' resolved to 'ws2_32.dll!#5' from 'C:\Program Files (x86)\Windows Kits\10\lib\10.0.17134.0\um\arm\WindowsApp.lib'."
"Message",Normal,"          P/Invoke 'CoCreateInstance' with [DllImport(ExactSpelling=true)] resolved to 'api-ms-win-core-com-l1-1-0.dll!CoCreateInstance'."
"Message",Normal,"          P/Invoke '#7' resolved to 'ws2_32.dll!#7' from 'C:\Program Files (x86)\Windows Kits\10\lib\10.0.17134.0\um\arm\WindowsApp.lib'."
"Message",Normal,"          P/Invoke '#7' resolved to 'ws2_32.dll!#7' from 'C:\Program Files (x86)\Windows Kits\10\lib\10.0.17134.0\um\arm\WindowsApp.lib'."
"Message",Normal,"          P/Invoke '#7' resolved to 'ws2_32.dll!#7' from 'C:\Program Files (x86)\Windows Kits\10\lib\10.0.17134.0\um\arm\WindowsApp.lib'."
"Message",Normal,"          P/Invoke '#19' resolved to 'ws2_32.dll!#19' from 'C:\Program Files (x86)\Windows Kits\10\lib\10.0.17134.0\um\arm\WindowsApp.lib'."
"Message",Normal,"          P/Invoke 'WSASocketW' resolved to 'ws2_32.dll!WSASocketW' from 'C:\Program Files (x86)\Windows Kits\10\lib\10.0.17134.0\um\arm\WindowsApp.lib'."
"Message",Normal,"          P/Invoke '#3' resolved to 'ws2_32.dll!#3' from 'C:\Program Files (x86)\Windows Kits\10\lib\10.0.17134.0\um\arm\WindowsApp.lib'."
"Message",Normal,"          P/Invoke '#10' resolved to 'ws2_32.dll!#10' from 'C:\Program Files (x86)\Windows Kits\10\lib\10.0.17134.0\um\arm\WindowsApp.lib'."
"Message",Normal,"          P/Invoke 'WSAEventSelect' resolved to 'ws2_32.dll!WSAEventSelect' from 'C:\Program Files (x86)\Windows Kits\10\lib\10.0.17134.0\um\arm\WindowsApp.lib'."
"Message",Normal,"          P/Invoke '#21' resolved to 'ws2_32.dll!#21' from 'C:\Program Files (x86)\Windows Kits\10\lib\10.0.17134.0\um\arm\WindowsApp.lib'."
"Message",Normal,"          P/Invoke '#6' resolved to 'oleaut32.dll!#6' from 'C:\Program Files (x86)\Windows Kits\10\lib\10.0.17134.0\um\arm\WindowsApp.lib'."
"Message",Normal,"          P/Invoke 'WSASendTo' resolved to 'ws2_32.dll!WSASendTo' from 'C:\Program Files (x86)\Windows Kits\10\lib\10.0.17134.0\um\arm\WindowsApp.lib'."
"Message",Normal,"          P/Invoke 'WSAGetOverlappedResult' resolved to 'ws2_32.dll!WSAGetOverlappedResult' from 'C:\Program Files (x86)\Windows Kits\10\lib\10.0.17134.0\um\arm\WindowsApp.lib'."
"Message",Normal,"          P/Invoke 'FormatMessageW' resolved to 'api-ms-win-core-localization-l1-2-0.dll!FormatMessageW' from 'C:\Program Files (x86)\Windows Kits\10\lib\10.0.17134.0\um\arm\WindowsApp.lib'."
"Message",Normal,"          P/Invoke 'WSASend' resolved to 'ws2_32.dll!WSASend' from 'C:\Program Files (x86)\Windows Kits\10\lib\10.0.17134.0\um\arm\WindowsApp.lib'."
"Message",Normal,"          P/Invoke 'CreateDirectoryW' resolved to 'api-ms-win-core-file-l1-1-0.dll!CreateDirectoryW' from 'C:\Program Files (x86)\Windows Kits\10\lib\10.0.17134.0\um\arm\WindowsApp.lib'."
"Message",Normal,"          P/Invoke 'GetFileType' resolved to 'api-ms-win-core-file-l1-1-0.dll!GetFileType' from 'C:\Program Files (x86)\Windows Kits\10\lib\10.0.17134.0\um\arm\WindowsApp.lib'."
"Message",Normal,"          P/Invoke 'GetNameInfoW' resolved to 'ws2_32.dll!GetNameInfoW' from 'C:\Program Files (x86)\Windows Kits\10\lib\10.0.17134.0\um\arm\WindowsApp.lib'."
"Message",Normal,"          P/Invoke '#51' resolved to 'ws2_32.dll!#51' from 'C:\Program Files (x86)\Windows Kits\10\lib\10.0.17134.0\um\arm\WindowsApp.lib'."
"Message",Normal,"          P/Invoke '#52' resolved to 'ws2_32.dll!#52' from 'C:\Program Files (x86)\Windows Kits\10\lib\10.0.17134.0\um\arm\WindowsApp.lib'."
"Message",Normal,"          P/Invoke 'WSARecv' resolved to 'ws2_32.dll!WSARecv' from 'C:\Program Files (x86)\Windows Kits\10\lib\10.0.17134.0\um\arm\WindowsApp.lib'."
"Message",Normal,"          P/Invoke '#21' resolved to 'ws2_32.dll!#21' from 'C:\Program Files (x86)\Windows Kits\10\lib\10.0.17134.0\um\arm\WindowsApp.lib'."
"Message",Normal,"          P/Invoke 'GetFileInformationByHandleEx' resolved to 'api-ms-win-core-file-l2-1-0.dll!GetFileInformationByHandleEx' from 'C:\Program Files (x86)\Windows Kits\10\lib\10.0.17134.0\um\arm\WindowsApp.lib'."
"Message",Normal,"          P/Invoke 'FindFirstFileExW' resolved to 'api-ms-win-core-file-l1-1-0.dll!FindFirstFileExW' from 'C:\Program Files (x86)\Windows Kits\10\lib\10.0.17134.0\um\arm\WindowsApp.lib'."
"Message",Normal,"          P/Invoke 'GetFileAttributesExW' resolved to 'api-ms-win-core-file-l1-1-0.dll!GetFileAttributesExW' from 'C:\Program Files (x86)\Windows Kits\10\lib\10.0.17134.0\um\arm\WindowsApp.lib'."
"Message",Normal,"          P/Invoke 'CreateThreadpoolIo' resolved to 'api-ms-win-core-threadpool-l1-2-0.dll!CreateThreadpoolIo' from 'C:\Program Files (x86)\Windows Kits\10\lib\10.0.17134.0\um\arm\WindowsApp.lib'."
"Message",Normal,"          P/Invoke 'SetFilePointerEx' resolved to 'api-ms-win-core-file-l1-1-0.dll!SetFilePointerEx' from 'C:\Program Files (x86)\Windows Kits\10\lib\10.0.17134.0\um\arm\WindowsApp.lib'."
"Message",Normal,"          P/Invoke 'GetAddrInfoW' resolved to 'ws2_32.dll!GetAddrInfoW' from 'C:\Program Files (x86)\Windows Kits\10\lib\10.0.17134.0\um\arm\WindowsApp.lib'."
"Message",Normal,"          P/Invoke 'StartThreadpoolIo' resolved to 'api-ms-win-core-threadpool-l1-2-0.dll!StartThreadpoolIo' from 'C:\Program Files (x86)\Windows Kits\10\lib\10.0.17134.0\um\arm\WindowsApp.lib'."
"Message",Normal,"          P/Invoke 'CancelThreadpoolIo' resolved to 'api-ms-win-core-threadpool-l1-2-0.dll!CancelThreadpoolIo' from 'C:\Program Files (x86)\Windows Kits\10\lib\10.0.17134.0\um\arm\WindowsApp.lib'."
"Message",Normal,"          P/Invoke 'SetEndOfFile' resolved to 'api-ms-win-core-file-l1-1-0.dll!SetEndOfFile' from 'C:\Program Files (x86)\Windows Kits\10\lib\10.0.17134.0\um\arm\WindowsApp.lib'."
"Message",Normal,"          P/Invoke 'CreateFile2' resolved to 'api-ms-win-core-file-l1-2-0.dll!CreateFile2' from 'C:\Program Files (x86)\Windows Kits\10\lib\10.0.17134.0\um\arm\WindowsApp.lib'."
"Message",Normal,"          P/Invoke 'WSASocketW' resolved to 'ws2_32.dll!WSASocketW' from 'C:\Program Files (x86)\Windows Kits\10\lib\10.0.17134.0\um\arm\WindowsApp.lib'."
"Message",Normal,"          P/Invoke '#3' resolved to 'ws2_32.dll!#3' from 'C:\Program Files (x86)\Windows Kits\10\lib\10.0.17134.0\um\arm\WindowsApp.lib'."
"Message",Normal,"          P/Invoke 'CloseHandle' resolved to 'api-ms-win-core-handle-l1-1-0.dll!CloseHandle' from 'C:\Program Files (x86)\Windows Kits\10\lib\10.0.17134.0\um\arm\WindowsApp.lib'."
"Message",Normal,"          P/Invoke 'FindClose' resolved to 'api-ms-win-core-file-l1-1-0.dll!FindClose' from 'C:\Program Files (x86)\Windows Kits\10\lib\10.0.17134.0\um\arm\WindowsApp.lib'."
"Message",Normal,"          P/Invoke 'freeaddrinfo' resolved to 'ws2_32.dll!freeaddrinfo' from 'C:\Program Files (x86)\Windows Kits\10\lib\10.0.17134.0\um\arm\WindowsApp.lib'."
"Message",Normal,"          P/Invoke 'CloseThreadpoolIo' resolved to 'api-ms-win-core-threadpool-l1-2-0.dll!CloseThreadpoolIo' from 'C:\Program Files (x86)\Windows Kits\10\lib\10.0.17134.0\um\arm\WindowsApp.lib'."
"Message",Normal,"          P/Invoke 'ReadFile' resolved to 'api-ms-win-core-file-l1-1-0.dll!ReadFile' from 'C:\Program Files (x86)\Windows Kits\10\lib\10.0.17134.0\um\arm\WindowsApp.lib'."
"Message",Normal,"          P/Invoke 'ReadFile' resolved to 'api-ms-win-core-file-l1-1-0.dll!ReadFile' from 'C:\Program Files (x86)\Windows Kits\10\lib\10.0.17134.0\um\arm\WindowsApp.lib'."
"Message",Normal,"          P/Invoke 'WriteFile' resolved to 'api-ms-win-core-file-l1-1-0.dll!WriteFile' from 'C:\Program Files (x86)\Windows Kits\10\lib\10.0.17134.0\um\arm\WindowsApp.lib'."
"Message",Normal,"          P/Invoke 'WriteFile' resolved to 'api-ms-win-core-file-l1-1-0.dll!WriteFile' from 'C:\Program Files (x86)\Windows Kits\10\lib\10.0.17134.0\um\arm\WindowsApp.lib'."
"Message",Normal,"          P/Invoke 'CancelIoEx' resolved to 'api-ms-win-core-io-l1-1-0.dll!CancelIoEx' from 'C:\Program Files (x86)\Windows Kits\10\lib\10.0.17134.0\um\arm\WindowsApp.lib'."
"Message",Normal,"          P/Invoke 'FormatMessageW' resolved to 'api-ms-win-core-localization-l1-2-0.dll!FormatMessageW' from 'C:\Program Files (x86)\Windows Kits\10\lib\10.0.17134.0\um\arm\WindowsApp.lib'."
"Message",Normal,"          P/Invoke 'WSAIoctl' resolved to 'ws2_32.dll!WSAIoctl' from 'C:\Program Files (x86)\Windows Kits\10\lib\10.0.17134.0\um\arm\WindowsApp.lib'."
"Message",Normal,"          P/Invoke 'FlushFileBuffers' resolved to 'api-ms-win-core-file-l1-1-0.dll!FlushFileBuffers' from 'C:\Program Files (x86)\Windows Kits\10\lib\10.0.17134.0\um\arm\WindowsApp.lib'."
"Message",Normal,"          P/Invoke 'RoGetBufferMarshaler' resolved to 'api-ms-win-core-winrt-robuffer-l1-1-0.dll!RoGetBufferMarshaler' from 'C:\Program Files (x86)\Windows Kits\10\lib\10.0.17134.0\um\arm\WindowsApp.lib'."
"Message",High,"  Generating code..."
"Message",High,"  Interop code generated."
"Message",Normal,"  Written code to AssemblyInfo.g.cs"
"Message",Normal,"  Written code to Adapters.g.cs"
"Message",Normal,"  Written code to Data.g.cs"
"Message",Normal,"  Written code to Helpers.g.cs"
"Message",Normal,"  Written code to ImplTypes.g.cs"
"Message",Normal,"  Written code to PInvoke.g.cs"
"Message",Normal,"  Written code to SafeTypes.g.cs"
"Message",Normal,"  Written code to SharedStubs.g.cs"
"Message",Normal,"Running 'GenerateCodeAndCompile' transform, heap at 125 MB."
"Message",High,"Generating serialization code"
"Message",High,"Compiling interop code"
"Message",Normal,"Compiling generated source code: C:\Users\VRLab1001\.nuget\packages\microsoft.net.native.compiler\1.7.3\tools\ARM\ilc\csc\csc.exe /noconfig @""C:\Users\VRLab1001\Documents\xdash_arcade\BackgroundApplication1\obj\ARM\Release\ilc\intermediate\xDashControlDEBUG-uwp.McgInterop.rsp"""
"Message",High,"Generating System.Reflection.DispatchProxy proxy code."
"Message",Normal,"Running 'DumpNativeResources' transform, heap at 125 MB."
"Message",Normal,"Running 'ReducedCopyInitialize' transform, heap at 126 MB."
"Message",Normal,"Running 'ReducedCopyEmptyTypes' transform, heap at 110 MB."
"Message",Normal,"Running 'ReducedCopyPopulateTypes' transform, heap at 111 MB."
"Message",Normal,"Running 'ReducedCopyLateMetadata' transform, heap at 120 MB."
"Message",Normal,"Running 'ReducedCopyMethodBodies' transform, heap at 126 MB."
"Message",Normal,"Running 'ReducedCopyComplete' transform, heap at 126 MB."
"Message",Normal,"Running 'ReducedCopyCleanup' transform, heap at 143 MB."
"Message",Normal,"Running 'DeveloperExperienceModeOnlyCodeRemover' transform, heap at 31 MB."
"Message",Normal,"Running 'ComImportDetector' transform, heap at 38 MB."
"Message",Normal,"Running 'McgAccessor' transform, heap at 38 MB."
"Message",Normal,"Running 'McgRedirect' transform, heap at 38 MB."
"Message",Normal,"Running 'McgRedirect' transform, heap at 40 MB."
"Message",Normal,"Running 'McgTypeOf' transform, heap at 40 MB."
"Message",Normal,"Running 'ExceptionMiniaturizer' transform, heap at 43 MB."
"Message",Normal,"Running 'EventSource' transform, heap at 51 MB."
"Message",Normal,"Running 'ValueType' transform, heap at 51 MB."
"Message",Normal,"Running 'Attribute' transform, heap at 51 MB."
"Message",Normal,"Running 'GetType' transform, heap at 51 MB."
"Message",Normal,"Running 'McgFixups' transform, heap at 52 MB."
"Message",Normal,"Running 'ResourceManagerCtor' transform, heap at 52 MB."
"Message",Normal,"Running 'TypeofTypeHandle' transform, heap at 52 MB."
"Message",Normal,"Running 'DispatchProxyIntrinsics' transform, heap at 54 MB."
"Message",Normal,"Running 'StaticInitData' transform, heap at 54 MB."
"Message",Normal,"Running 'StartupCodeInjector' transform, heap at 58 MB."
"Message",Normal,"Running 'InjectAppContextSwitches' transform, heap at 58 MB."
"Message",Normal,"Running 'ImplementLibraryDynamicInvokeHelpers' transform, heap at 58 MB."
"Message",Normal,"Running 'Delegate' transform, heap at 58 MB."
"Message",Normal,"Running 'DelegateCtorCall' transform, heap at 61 MB."
"Message",Normal,"Running 'LazyGenerics' transform, heap at 61 MB."
"Message",Normal,"Running 'AddReflectionBlockedAttributes' transform, heap at 68 MB."
"Message",Normal,"Running 'DisableOptimization' transform, heap at 68 MB."
"Message",Normal,"Running 'CreateMetadata' transform, heap at 68 MB."
"Message",Normal,"Running 'SaveRVAStatics' transform, heap at 41 MB."
"Message",Normal,"Running 'ReflectionInvoke' transform, heap at 42 MB."
"Message",Normal,"Running 'ScrubOpenCalls' transform, heap at 42 MB."
"Message",Normal,"Running 'ConvertCatchIntoFilter' transform, heap at 42 MB."
"Message",Normal,"Running 'ReflectionMappingInfoEmit' transform, heap at 42 MB."
"Message",Normal,"Running 'ConvertManagedWinMD' transform, heap at 43 MB."
"Message",Normal,"Running 'Reducer' transform, heap at 43 MB."
"Message",High,"Cleaning up unreferenced code"
"Message",Normal,"Running 'WriteAssemblies' transform, heap at 79 MB."
"Message",Normal,""
"Message",Normal,"Transform summary"
"Message",Normal,"    ms | heap delta | name"
"Message",Normal,"  3107 |         90 | Analysis"
"Message",Normal,"  2334 |          0 | GenerateCodeAndCompile"
"Message",Normal,"  1267 |        -16 | ReducedCopyInitialize"
"Message",Normal,"   657 |          8 | Mcg"
"Message",Normal,"   472 |         -9 | WriteAssemblies"
"Message",Normal,"   262 |         36 | Reducer"
"Message",Normal,"   190 |        -27 | CreateMetadata"
"Message",Normal,"   139 |         17 | ReducedCopyComplete"
"Message",Normal,"    99 |          3 | McgTypeOf"
"Message",Normal,"    88 |          0 | ReducedCopyMethodBodies"
"Message",Normal,"    57 |          4 | StaticInitData"
"Message",Normal,"    56 |          9 | ReducedCopyPopulateTypes"
"Message",Normal,"    52 |       -112 | ReducedCopyCleanup"
"Message",Normal,"    40 |          2 | McgRedirect"
"Message",Normal,"    38 |          7 | LazyGenerics"
"Message",Normal,"    34 |          6 | ReducedCopyLateMetadata"
"Message",Normal,"    28 |          8 | ExceptionMiniaturizer"
"Message",Normal,"    24 |          3 | Delegate"
"Message",Normal,"    16 |          0 | McgRedirect"
"Message",Normal,"    11 |          2 | TypeofTypeHandle"
"Message",Normal,"     9 |          0 | McgFixups"
"Message",Normal,"     9 |          0 | McgAccessor"
"Message",Normal,"     9 |          0 | DelegateCtorCall"
"Message",Normal,"     8 |          0 | StartupCodeInjector"
"Message",Normal,"     8 |          1 | ReducedCopyEmptyTypes"
"Message",Normal,"     7 |          1 | SaveRVAStatics"
"Message",Normal,"     6 |          0 | ValueType"
"Message",Normal,"     6 |          7 | DeveloperExperienceModeOnlyCodeRemover"
"Message",Normal,"     4 |          1 | GetType"
"Message",Normal,"     4 |          1 | ReflectionMappingInfoEmit"
"Message",Normal,"     4 |          0 | ReflectionInvoke"
"Message",Normal,"     3 |          0 | DispatchProxyIntrinsics"
"Message",Normal,"     2 |          0 | ConvertCatchIntoFilter"
"Message",Normal,"     2 |          1 | DumpNativeResources"
"Message",Normal,"     2 |          0 | ScrubOpenCalls"
"Message",Normal,"     2 |          0 | ResourceManagerCtor"
"Message",Normal,"     2 |          0 | Attribute"
"Message",Normal,"     1 |          0 | EventSource"
"Message",Normal,"     0 |          0 | DisableOptimization"
"Message",Normal,"     0 |          0 | ConvertManagedWinMD"
"Message",Normal,"     0 |          0 | ComImportDetector"
"Message",Normal,"     0 |          0 | AddReflectionBlockedAttributes"
"Message",Normal,"     0 |          0 | InjectAppContextSwitches"
"Message",Normal,"     0 |          0 | ImplementLibraryDynamicInvokeHelpers"
"Message",Low,"Done executing task ""RunILTransforms""."
"Message",Low,"Done building target ""RunILTransforms"" in file ""ILTransforms""."
"Message",Low,"Done building project ""ILTransforms""."
"Message",Low,""
"Message",Low,""
"Message",Low,"Done building target ""GenerateMDIL"" in file ""Nutc""."
"Message",Low,""
"Message",High,"Generating native code"
"Message",Low,"Done building target ""MDILPrepareMultiFile"" in file ""Nutc""."
"Message",Low,""
"Message",Low,"Done building target ""SetBinaryForReferences"" in file ""Nutc""."
"Message",Low,""
"Message",Low,"Task ""GenerateMDILGlobalAnalysis"""
"Message",Normal,"Launching 'C:\Users\VRLab1001\.nuget\packages\microsoft.net.native.compiler\1.7.3\tools\ARM\ilc\Tools\nutc_driver.exe @""C:\Users\VRLab1001\Documents\xdash_arcade\BackgroundApplication1\obj\ARM\Release\ilc\intermediate\MDIL\xDashControlDEBUG-uwp.rsp""'"
"Message",Low,"Microsoft (R) MDIL Compiler - Version 1.7.25927.00"
"Message",Low,"Copyright (c) Microsoft Corporation.  All rights reserved."
"Message",Low,"Scanning input types"
"Message",Low,"Scanning 791 methods."
"Message",Low,"Scanning 1656 methods."
"Message",Low,"Scanning 1151 methods."
"Message",Low,"Scanning 608 methods."
"Message",Low,"Scanning 495 methods."
"Message",Low,"Scanning 416 methods."
"Message",Low,"Scanning 347 methods."
"Message",Low,"Scanning 217 methods."
"Message",Low,"Scanning 127 methods."
"Message",Low,"Scanning 135 methods."
"Message",Low,"Scanning 89 methods."
"Message",Low,"Scanning 54 methods."
"Message",Low,"Scanning 82 methods."
"Message",Low,"Scanning 76 methods."
"Message",Low,"Scanning 37 methods."
"Message",Low,"Scanning 11 methods."
"Message",Low,"Eager code generation"
"Message",Low,"Compiling 6292 methods."
"Message",Low,"Deferred code generation"
"Message",Low,"Compiling 1 methods."
"Message",Low,"Compiling 30 methods."
"Message",Low,"Successfully generated 'C:\Users\VRLab1001\Documents\xdash_arcade\BackgroundApplication1\obj\ARM\Release\ilc\intermediate\MDIL\xDashControlDEBUG-uwp.mdilexe'"
"Message",Low,"Successfully generated 'C:\Users\VRLab1001\Documents\xdash_arcade\BackgroundApplication1\obj\ARM\Release\ilc\intermediate\MDIL\xDashControlDEBUG-uwp.mdilpdb'"
"Message",Normal,"'C:\Users\VRLab1001\.nuget\packages\microsoft.net.native.compiler\1.7.3\tools\ARM\ilc\Tools\nutc_driver.exe @""C:\Users\VRLab1001\Documents\xdash_arcade\BackgroundApplication1\obj\ARM\Release\ilc\intermediate\MDIL\xDashControlDEBUG-uwp.rsp""' completed."
"Message",Normal,"Process execution statistics (all times in milliseconds)"
"Message",Normal,"-----------------------------------------------------------------------------"
"Message",Normal,"launch  |  start   |   stop   |   end    | duration | lifetime | [slot] name"
"Message",Normal,"-----------------------------------------------------------------------------"
"Message",Normal,"       0 |        0 |     3954 |     3954 |     3954 |     3954 | [0] Nutc GlobalAnalysis"
"Message",Normal,"Number of commands:      1"
"Message",Normal,"Total system time:       3954 ms"
"Message",Normal,"System time per command: 3954 ms"
"Message",Normal,"Total duration:          3954 ms"
"Message",Normal,"Total lifetime:          3954 ms"
"Message",Normal,"Requested DOP:           12"
"Message",Normal,"Duration DOP:            1.0"
"Message",Normal,"Lifetime DOP:            1.0"
"Message",Low,"Done executing task ""GenerateMDILGlobalAnalysis""."
"Message",Low,"Done building target ""GenerateMDILGlobalAnalysis"" in file ""Nutc""."
"Message",Low,""
"Message",Low,"Task ""rc"""
"Message",Normal,"Launching 'C:\Program Files (x86)\Windows Kits\10\bin\10.0.17134.0\x64\rc.exe /c ""65001"" /r /fo ""C:\Users\VRLab1001\Documents\xdash_arcade\BackgroundApplication1\obj\ARM\Release\ilc\intermediate\BuildInfo\BuildInfo.res"" ""C:\Users\VRLab1001\Documents\xdash_arcade\BackgroundApplication1\obj\ARM\Release\ilc\intermediate\BuildInfo\BuildInfo.rc""'"
"Message",Low,"Microsoft (R) Windows (R) Resource Compiler Version 10.0.10011.16384"
"Message",Low,"Copyright (C) Microsoft Corporation.  All rights reserved."
"Message",Normal,"'C:\Program Files (x86)\Windows Kits\10\bin\10.0.17134.0\x64\rc.exe /c ""65001"" /r /fo ""C:\Users\VRLab1001\Documents\xdash_arcade\BackgroundApplication1\obj\ARM\Release\ilc\intermediate\BuildInfo\BuildInfo.res"" ""C:\Users\VRLab1001\Documents\xdash_arcade\BackgroundApplication1\obj\ARM\Release\ilc\intermediate\BuildInfo\BuildInfo.rc""' completed."
"Message",Normal,"Process execution statistics (all times in milliseconds)"
"Message",Normal,"-----------------------------------------------------------------------------"
"Message",Normal,"launch  |  start   |   stop   |   end    | duration | lifetime | [slot] name"
"Message",Normal,"-----------------------------------------------------------------------------"
"Message",Normal,"       0 |        0 |       31 |       31 |       31 |       31 | [0] rc"
"Message",Normal,"Number of commands:      1"
"Message",Normal,"Total system time:       31 ms"
"Message",Normal,"System time per command: 31 ms"
"Message",Normal,"Total duration:          31 ms"
"Message",Normal,"Total lifetime:          31 ms"
"Message",Normal,"Requested DOP:           12"
"Message",Normal,"Duration DOP:            1.0"
"Message",Normal,"Lifetime DOP:            1.0"
"Message",Low,"Done executing task ""rc""."
"Message",Low,"Task ""ResourceBinaryConcatenate"""
"Message",Normal,"Concatenating into 'C:\Users\VRLab1001\Documents\xdash_arcade\BackgroundApplication1\obj\ARM\Release\ilc\intermediate\Native.res' with alignment '4'."
"Message",Normal," Added 'C:\Users\VRLab1001\Documents\xdash_arcade\BackgroundApplication1\obj\ARM\Release\ilc\intermediate\ILTransformed\xDashControlDEBUG-uwp.res' at offset 0."
"Message",Normal," Added 'C:\Users\VRLab1001\Documents\xdash_arcade\BackgroundApplication1\obj\ARM\Release\ilc\intermediate\BuildInfo\BuildInfo.res' at offset 1224."
"Message",Low,"Done executing task ""ResourceBinaryConcatenate""."
"Message",Low,"Done building target ""GenerateBuildInfo"" in file ""Nutc""."
"Message",Low,"Done building project ""Nutc""."
"Message",Low,""
"Message",Low,""
"Message",Low,"Done building target ""MDILBindPrepare"" in file ""Binder""."
"Message",Low,""
"Message",High,"Generating fixups for native code"
"Message",Low,"Task ""MDILBind"""
"Message",Normal,"Launching 'C:\Users\VRLab1001\.nuget\packages\microsoft.net.native.compiler\1.7.3\tools\ARM\ilc\Tools\rhbind.exe @""C:\Users\VRLab1001\Documents\xdash_arcade\BackgroundApplication1\obj\ARM\Release\ilc\intermediate\rhbindargs.xDashControlDEBUG-uwp.rsp""'"
"Message",Low,"OS VERSION: major: 6  minor: 2"
"Message",Low,"MDIL: C:\Users\VRLab1001\Documents\xdash_arcade\BackgroundApplication1\obj\ARM\Release\ilc\intermediate\MDIL\xDashControlDEBUG-uwp.mdilexe"
"Message",Low,"MDILPDB: C:\Users\VRLab1001\Documents\xdash_arcade\BackgroundApplication1\obj\ARM\Release\ilc\intermediate\MDIL\xDashControlDEBUG-uwp.mdilpdb"
"Message",Low,"IL: C:\Users\VRLab1001\Documents\xdash_arcade\BackgroundApplication1\obj\ARM\Release\ilc\intermediate\MDIL\xDashControlDEBUG-uwp.ilexe"
"Message",Low,"NI: C:\Users\VRLab1001\Documents\xdash_arcade\BackgroundApplication1\obj\ARM\Release\ilc\intermediate\Native\xDashControlDEBUG-uwp.dll"
"Message",Low,"SHIM: C:\Users\VRLab1001\Documents\xdash_arcade\BackgroundApplication1\obj\ARM\Release\ilc\intermediate\Native\xDashControlDEBUG-uwp.exe"
"Message",Low,"REDHAWK_RUNTIME_DLL_NAME_A=mrt100_app.dll"
"Message",Low,"pdb: C:\Users\VRLab1001\Documents\xdash_arcade\BackgroundApplication1\obj\ARM\Release\ilc\intermediate\Native\xDashControlDEBUG-uwp.pdb"
"Message",Low,"Produced C:\Users\VRLab1001\Documents\xdash_arcade\BackgroundApplication1\obj\ARM\Release\ilc\intermediate\Native\xDashControlDEBUG-uwp.dll in 0.300 seconds"
"Message",Normal,"'C:\Users\VRLab1001\.nuget\packages\microsoft.net.native.compiler\1.7.3\tools\ARM\ilc\Tools\rhbind.exe @""C:\Users\VRLab1001\Documents\xdash_arcade\BackgroundApplication1\obj\ARM\Release\ilc\intermediate\rhbindargs.xDashControlDEBUG-uwp.rsp""' completed."
"Message",Normal,"Process execution statistics (all times in milliseconds)"
"Message",Normal,"-----------------------------------------------------------------------------"
"Message",Normal,"launch  |  start   |   stop   |   end    | duration | lifetime | [slot] name"
"Message",Normal,"-----------------------------------------------------------------------------"
"Message",Normal,"       0 |        0 |      312 |      312 |      312 |      312 | [0] rhbind xDashControlDEBUG-uwp"
"Message",Normal,"Number of commands:      1"
"Message",Normal,"Total system time:       312 ms"
"Message",Normal,"System time per command: 312 ms"
"Message",Normal,"Total duration:          312 ms"
"Message",Normal,"Total lifetime:          312 ms"
"Message",Normal,"Requested DOP:           12"
"Message",Normal,"Duration DOP:            1.0"
"Message",Normal,"Lifetime DOP:            1.0"
"Message",Low,"Done executing task ""MDILBind""."
"Message",Low,"Done building target ""MDILBind"" in file ""Binder""."
"Message",Low,"Done building project ""Binder""."
"Message",Low,""
"Message",Low,""
"Message",Low,"Done building target ""CopyNativeExecutablesToOutput"" in file ""Deployment""."
"Message",Low,""
"Message",Low,"Task ""TransformAppxManifest"""
"Message",Low,"Done executing task ""TransformAppxManifest""."
"Message",Low,"Done building target ""TransformAppxManifestAndAddCrt"" in file ""Deployment""."
"Message",Low,""
"Message",Low,"Done building target ""CopyPackageResourceFileInRetailBuild"" in file ""Deployment""."
"Message",Low,"Done building project ""Deployment""."
"Message",Low,"Compilation finished"
